{"result": [{"linkqr": "line://au/q/0erK65Xsflhrd2jaX0XZKa3tJBSJpaU7", "linktkn": "http://api.eater.pw/tkn/WIN10/0erK65Xsflhrd2jaX0XZKa3tJBSJpaU7"}], "uac2d37b7ec5bf8cf0655a00a054c707a": [{"qr": "line://au/q/2oQMOa4Bi34DAajMnqXi5FsAnXXIyugt", "tkn": "http://api.eater.pw/tkn/WIN10/2oQMOa4Bi34DAajMnqXi5FsAnXXIyugt"}]}
{
  "result": [
    {
      "linkqr": "line://au/q/c6jc31tE2mvvQ3PoKFYILyu5rbaTEjJC", 
      "linktkn": "http://api.eater.pw/tkn/CHROMEOS/c6jc31tE2mvvQ3PoKFYILyu5rbaTEjJC"
    }
  ]
}
{
  "result": [
    {
      "linkqr": "line://au/q/37nKrcC15pLP3EsUfHVNH577Yoij7wYi", 
      "linktkn": "http://api.eater.pw/tkn/IOSIPAD/37nKrcC15pLP3EsUfHVNH577Yoij7wYi"
    }
  ]
}
{
  "result": [
    {
      "linkqr": "line://au/q/RjJJF1xdEhoy817LppHGhqqU7SrsPuYc", 
      "linktkn": "http://api.eater.pw/tkn/DESKTOPMAC/RjJJF1xdEhoy817LppHGhqqU7SrsPuYc"
    }
  ]
}
{
  "result": [
    {
      "linkqr": "line://au/q/x4YEwss5UGiuC5y7e8BzdV95AJbaet88", 
      "linktkn": "http://api.eater.pw/tkn/DESKTOPWIN/x4YEwss5UGiuC5y7e8BzdV95AJbaet88"
    }
  ]
}